{"cameraMode":{"drawMode":0,"name":"Shaded","section":"Shading Mode"},"sceneLighting":false,"audioPlay":false,"sceneViewState":{"m_AlwaysRefresh":false,"showFog":false,"showSkybox":false,"showFlares":false,"showImageEffects":false,"showParticleSystems":false,"showVisualEffectGraphs":true,"m_FxEnabled":true},"in2DMode":false,"pivot":{"x":-1.205299973487854,"y":0.9999998211860657,"z":0.5914715528488159},"rotation":{"x":0.0019828600343316795,"y":0.9975212216377258,"z":-0.06292710453271866,"w":0.03143231198191643},"size":1.374729871749878,"orthographic":false}