{"cameraMode":{"drawMode":0,"name":"Shaded","section":"Shading Mode"},"sceneLighting":false,"audioPlay":false,"sceneViewState":{"m_AlwaysRefresh":true,"showFog":true,"showSkybox":false,"showFlares":true,"showImageEffects":false,"showParticleSystems":true,"showVisualEffectGraphs":true,"m_FxEnabled":true},"in2DMode":false,"pivot":{"x":1.1983039379119874,"y":0.20433032512664796,"z":-1.7544231414794922},"rotation":{"x":-0.025293249636888505,"y":0.9746832847595215,"z":-0.15360543131828309,"w":-0.16049490869045258},"size":0.8660253882408142,"orthographic":false}