{"cameraMode":{"drawMode":0,"name":"Shaded","section":"Shading Mode"},"sceneLighting":false,"audioPlay":false,"sceneViewState":{"m_AlwaysRefresh":true,"showFog":true,"showSkybox":false,"showFlares":true,"showImageEffects":true,"showParticleSystems":true,"showVisualEffectGraphs":true,"m_FxEnabled":true},"in2DMode":false,"pivot":{"x":1.2808586359024048,"y":0.4505276679992676,"z":0.010470014065504074},"rotation":{"x":0.06025046855211258,"y":-0.8339710831642151,"z":0.0929534062743187,"w":0.540583610534668},"size":4.207394599914551,"orthographic":false}