{"cameraMode":{"drawMode":0,"name":"Shaded","section":"Shading Mode"},"sceneLighting":false,"audioPlay":false,"sceneViewState":{"m_AlwaysRefresh":false,"showFog":false,"showSkybox":false,"showFlares":false,"showImageEffects":false,"showParticleSystems":false,"showVisualEffectGraphs":true,"m_FxEnabled":true},"in2DMode":false,"pivot":{"x":0.07771337032318115,"y":1.0172529220581055,"z":0.38310563564300539},"rotation":{"x":-0.04911021143198013,"y":0.8019026517868042,"z":-0.06655891984701157,"w":-0.5917074680328369},"size":2.4429469108581545,"orthographic":false}